{
    "SuperWG/res/oltp_workloads/twitter0.wg": [
        300.0,
        0.0,
        0.0,
        0.0,
        0.0,
        0.0,
        0.869863013698630,
        0.05136986301369863,
        0.023972602739726026,
        0.0547945205479452,
        0.0
    ],
    "SuperWG/res/oltp_workloads/twitter1.wg": [
        300.0,
        0.003401360544217687,
        0.0,
        0.006802721088435374,
        0.0,
        0.04081632653061224,
        0.8260869565217391,
        0.013377926421,
        0.013377926421404682,
        0.0602006688963210,
        0.0
    ],
    "SuperWG/res/oltp_workloads/twitter2.wg": [
        300.0,
        0.0,
        0.0,
        0.0,
        0.0,
        0.0,
        0.8503401360544217,
        0.0782312925170068,
        0.02040816326530612,
        0.05102040816326531,
        0.0
    ],
    "SuperWG/res/oltp_workloads/twitter3.wg": [
        300.0,
        0.013513513513513514,
        0.0,
        0.006756756756756757,
        0.0,
        0.10135135135135136,
        0.8245033112582781,
        0.0894039735099337,
        0.023178807947019868,
        0.029801324503311258,
        0.0
    ],
    "SuperWG/res/oltp_workloads/twitter4.wg": [
        300.0,
        0.023809523809523808,
        0.0,
        0.027210884353741496,
        0.0,
        0.20408163265306123,
        0.7753164556962026,
        0.060126582278481014,
        0.04113924050632911,
        0.03164556962025317,
        0.0
    ]
}