{
    "1": [
        300.0,
        0.0,
        0.0,
        0.0,
        0.0,
        0.0,
        0.0,
        0.0033333333333333335,
        0.08,
        0.19,
        0.6,
        0.016666666666666666,
        0.056666666666666664,
        0.05333333333333334,
        0.0033333333333333335
    ],
    "2": [
        300.0,
        0.0,
        0.0,
        0.0,
        0.0,
        0.0,
        0.0,
        0.0033333333333333335,
        0.61,
        0.07666666666666666,
        0.016666666666666666,
        0.17333333333333334,
        0.05333333333333334,
        0.06666666666666667,
        0.0033333333333333335
    ],
    "3": [
        300.0,
        0.0,
        0.0,
        0.0,
        0.0,
        0.0,
        0.01,
        0.11666666666666667,
        0.12333333333333334,
        0.11666666666666667,
        0.44666666666666666,
        0.15333333333333332,
        0.01,
        0.02,
        0.013333333333333334
    ],
    "4": [
        300.0,
        0.0033333333333333335,
        0.0,
        0.0,
        0.0,
        0.01,
        0.01,
        0.6166666666666667,
        0.20666666666666667,
        0.06,
        0.03333333333333333,
        0.07333333333333333,
        0.01,
        0.0,
        0.0
    ],
    "5": [
        300.0,
        0.0,
        0.0,
        0.0,
        0.0,
        0.0,
        0.0,
        0.22,
        0.5733333333333334,
        0.016666666666666666,
        0.07,
        0.06,
        0.043333333333333335,
        0.01,
        0.006666666666666667
    ]
}