{
    "smallbank/sample_smallbank_config0.xml": [
        0.0,
        0.0,
        0.0,
        0.0,
        0.0,
        0.31394,
        0.25372,
        0.31156
    ],
    "smallbank/sample_smallbank_config1.xml": [
        0.0,
        0.0,
        0.0,
        0.0,
        0.0,
        0.31574,
        0.28350000000000003,
        0.2706
    ],
    "smallbank/sample_smallbank_config2.xml": [
        0.0,
        0.0,
        0.0,
        0.0,
        0.0,
        0.22428,
        0.22664,
        0.24845
    ],
    "smallbank/sample_smallbank_config3.xml": [
        0.0,
        0.0,
        0.0,
        0.0,
        0.0,
        0.07106000000000001,
        0.07999999999999999,
        0.07873000000000001
    ],
    "smallbank/sample_smallbank_config4.xml": [
        0.0,
        0.0,
        0.0,
        0.0,
        0.0,
        0.08556,
        0.08156,
        0.09265000000000001
    ],
    "smallbank/sample_smallbank_config5.xml": [
        0.0,
        0.0,
        0.0,
        0.0,
        0.0,
        0.31906,
        0.28704,
        0.26385
    ],
    "smallbank/sample_smallbank_config6.xml": [
        0.0,
        0.0,
        0.0,
        0.0,
        0.0,
        0.35412,
        0.26898,
        0.37605000000000005
    ],
    "smallbank/sample_smallbank_config7.xml": [
        0.0,
        0.0,
        0.0,
        0.0,
        0.0,
        0.09991000000000001,
        0.09051999999999999,
        0.09928000000000001
    ],
    "smallbank/sample_smallbank_config8.xml": [
        0.0,
        0.0,
        0.0,
        0.0,
        0.0,
        0.29575999999999997,
        0.31206,
        0.34126
    ],
    "smallbank/sample_smallbank_config9.xml": [
        0.0,
        0.0,
        0.0,
        0.0,
        0.0,
        0.13355999999999998,
        0.12624000000000002,
        0.13986
    ],
    "smallbank/sample_smallbank_config10.xml": [
        0.0,
        0.0,
        0.0,
        0.0,
        0.0,
        0.24274,
        0.1992,
        0.22759999999999997
    ],
    "smallbank/sample_smallbank_config11.xml": [
        0.0,
        0.0,
        0.0,
        0.0,
        0.0,
        0.3002,
        0.31414,
        0.33475
    ],
    "smallbank/sample_smallbank_config12.xml": [
        0.0,
        0.0,
        0.0,
        0.0,
        0.0,
        0.27592000000000005,
        0.25682,
        0.28664
    ],
    "smallbank/sample_smallbank_config13.xml": [
        0.0,
        0.0,
        0.0,
        0.0,
        0.0,
        0.30491999999999997,
        0.30254000000000003,
        0.34163
    ],
    "smallbank/sample_smallbank_config14.xml": [
        0.0,
        0.0,
        0.0,
        0.0,
        0.0,
        0.3498299999999999,
        0.25556,
        0.38363
    ],
    "smallbank/sample_smallbank_config15.xml": [
        0.0,
        0.0,
        0.0,
        0.0,
        0.0,
        0.35261,
        0.32110000000000005,
        0.32573
    ],
    "smallbank/sample_smallbank_config16.xml": [
        0.0,
        0.0,
        0.0,
        0.0,
        0.0,
        0.22085,
        0.17922,
        0.21951
    ],
    "smallbank/sample_smallbank_config17.xml": [
        0.0,
        0.0,
        0.0,
        0.0,
        0.0,
        0.34064,
        0.29757999999999996,
        0.35082
    ],
    "smallbank/sample_smallbank_config18.xml": [
        0.0,
        0.0,
        0.0,
        0.0,
        0.0,
        0.34051,
        0.31655999999999995,
        0.33216
    ],
    "smallbank/sample_smallbank_config19.xml": [
        0.0,
        0.0,
        0.0,
        0.0,
        0.0,
        0.36938000000000004,
        0.32386000000000004,
        0.30661000000000005
    ],
    "smallbank/sample_smallbank_config20.xml": [
        0.0,
        0.0,
        0.0,
        0.0,
        0.0,
        0.24247999999999997,
        0.23098000000000002,
        0.26588
    ],
    "smallbank/sample_smallbank_config21.xml": [
        0.0,
        0.0,
        0.0,
        0.0,
        0.0,
        0.33019,
        0.27468000000000004,
        0.33446
    ],
    "smallbank/sample_smallbank_config22.xml": [
        0.0,
        0.0,
        0.0,
        0.0,
        0.0,
        0.2383,
        0.21058,
        0.24051
    ],
    "smallbank/sample_smallbank_config23.xml": [
        0.0,
        0.0,
        0.0,
        0.0,
        0.0,
        0.32538,
        0.29436,
        0.34929
    ],
    "smallbank/sample_smallbank_config24.xml": [
        0.0,
        0.0,
        0.0,
        0.0,
        0.0,
        0.31740999999999997,
        0.30692,
        0.34482999999999997
    ],
    "smallbank/sample_smallbank_config25.xml": [
        0.0,
        0.0,
        0.0,
        0.0,
        0.0,
        0.20862,
        0.20194,
        0.20908
    ],
    "smallbank/sample_smallbank_config26.xml": [
        0.0,
        0.0,
        0.0,
        0.0,
        0.0,
        0.30798,
        0.3486,
        0.34246000000000004
    ],
    "smallbank/sample_smallbank_config27.xml": [
        0.0,
        0.0,
        0.0,
        0.0,
        0.0,
        0.30084,
        0.26684,
        0.30160000000000003
    ],
    "smallbank/sample_smallbank_config28.xml": [
        0.0,
        0.0,
        0.0,
        0.0,
        0.0,
        0.20529999999999998,
        0.1968,
        0.20732
    ],
    "smallbank/sample_smallbank_config29.xml": [
        0.0,
        0.0,
        0.0,
        0.0,
        0.0,
        0.35386999999999996,
        0.2935999999999999,
        0.34154
    ],
    "smallbank/sample_smallbank_config30.xml": [
        0.0,
        0.0,
        0.0,
        0.0,
        0.0,
        0.36208,
        0.32586000000000004,
        0.30195
    ],
    "smallbank/sample_smallbank_config31.xml": [
        0.0,
        0.0,
        0.0,
        0.0,
        0.0,
        0.22648,
        0.24056,
        0.24235
    ],
    "smallbank/sample_smallbank_config32.xml": [
        0.0,
        0.0,
        0.0,
        0.0,
        0.0,
        0.326,
        0.2848,
        0.32838
    ],
    "smallbank/sample_smallbank_config33.xml": [
        0.0,
        0.0,
        0.0,
        0.0,
        0.0,
        0.17107,
        0.1479,
        0.15080000000000002
    ],
    "smallbank/sample_smallbank_config34.xml": [
        0.0,
        0.0,
        0.0,
        0.0,
        0.0,
        0.36393,
        0.27386,
        0.36127
    ],
    "smallbank/sample_smallbank_config35.xml": [
        0.0,
        0.0,
        0.0,
        0.0,
        0.0,
        0.34176999999999996,
        0.30318000000000006,
        0.28497
    ],
    "smallbank/sample_smallbank_config36.xml": [
        0.0,
        0.0,
        0.0,
        0.0,
        0.0,
        0.18896,
        0.18216,
        0.19843
    ],
    "smallbank/sample_smallbank_config37.xml": [
        0.0,
        0.0,
        0.0,
        0.0,
        0.0,
        0.34714000000000006,
        0.31614,
        0.30648
    ],
    "smallbank/sample_smallbank_config38.xml": [
        0.0,
        0.0,
        0.0,
        0.0,
        0.0,
        0.36478999999999995,
        0.32998,
        0.30512
    ],
    "smallbank/sample_smallbank_config39.xml": [
        0.0,
        0.0,
        0.0,
        0.0,
        0.0,
        0.35551000000000005,
        0.31,
        0.29433
    ],
    "smallbank/sample_smallbank_config40.xml": [
        0.0,
        0.0,
        0.0,
        0.0,
        0.0,
        0.30957,
        0.34845999999999994,
        0.3410500000000001
    ],
    "smallbank/sample_smallbank_config41.xml": [
        0.0,
        0.0,
        0.0,
        0.0,
        0.0,
        0.33730000000000004,
        0.2779,
        0.37382
    ],
    "smallbank/sample_smallbank_config42.xml": [
        0.0,
        0.0,
        0.0,
        0.0,
        0.0,
        0.34723,
        0.2514,
        0.38039
    ],