{
    "ycsb/sample_ycsb_config0.xml": [
        0.6309461686981441,
        0.0,
        0.5492266076036928,
        0.011208706277626384,
        5.940874831343665,
        1.0
    ],
    "ycsb/sample_ycsb_config1.xml": [
        0.4073260758848994,
        0.0,
        0.35041800356506236,
        0.007151387827858416,
        3.818538069773364,
        1.0
    ],
    "ycsb/sample_ycsb_config2.xml": [
        0.5455453091684435,
        0.0,
        0.47150592625109744,
        0.009622569923491784,
        5.117012479618713,
        0.9999999999999999
    ],
    "ycsb/sample_ycsb_config3.xml": [
        0.4116582775579703,
        0.0,
        0.366263076329582,
        0.007474756659787387,
        3.97181430699824,
        1.0
    ],
    "ycsb/sample_ycsb_config4.xml": [
        0.5759158856215485,
        0.0,
        0.5019275347859633,
        0.010243419077264554,
        5.438449085740131,
        1.0
    ],
    "ycsb/sample_ycsb_config5.xml": [
        0.40547897069275474,
        0.0,
        0.3724206906643254,
        0.0076004222584556205,
        4.007618754964672,
        1.0
    ],
    "ycsb/sample_ycsb_config6.xml": [
        0.4283568958112417,
        0.0,
        0.3716001410061989,
        0.007583676347065285,
        4.042491321087458,
        1.0
    ],
    "ycsb/sample_ycsb_config7.xml": [
        0.41726191901455295,
        0.0,
        0.36509640966291534,
        0.007450947135977864,
        3.970178452656503,
        1.0
    ],
    "ycsb/sample_ycsb_config8.xml": [
        0.5814544152803591,
        0.0,
        0.5049111993508394,
        0.010304310190833455,
        5.467729779292993,
        1.0
    ],
    "ycsb/sample_ycsb_config9.xml": [
        0.4877631447422932,
        0.0,
        0.4329660720461862,
        0.00883604228665686,
        4.675615016970153,
        1.0
    ],
    "ycsb/sample_ycsb_config10.xml": [
        0.39490121109502146,
        0.0,
        0.36401708702476926,
        0.007428920143362636,
        3.910252045730097,
        1.0
    ],
    "ycsb/sample_ycsb_config11.xml": [
        0.5019725075919106,
        0.0,
        0.44821519408306065,
        0.00914724885883797,
        4.847067105268159,
        1.0000000000000002
    ],
    "ycsb/sample_ycsb_config12.xml": [
        0.4196972034403992,
        0.0,
        0.36206418442546623,
        0.007389064988274822,
        3.9424901580713696,
        1.0
    ],
    "ycsb/sample_ycsb_config13.xml": [
        0.41031557168321875,
        0.0,
        0.3585503565062389,
        0.0073173542144130375,
        3.8953994143111785,
        1.0
    ],
    "ycsb/sample_ycsb_config14.xml": [
        0.5060706104694253,
        0.0,
        0.4421915755447362,
        0.009024317868259923,
        4.79605653740465,
        1.0
    ],
    "ycsb/sample_ycsb_config15.xml": [
        0.4035294260173541,
        0.0,
        0.3647532724080134,
        0.007443944334857415,
        3.939870329407204,
        1.0
    ],
    "ycsb/sample_ycsb_config16.xml": [
        0.6763555294573732,
        0.0,
        0.5878413281187644,
        0.011996761798342132,
        6.361804761524691,
        1.0
    ],
    "ycsb/sample_ycsb_config17.xml": [
        0.5253208727181511,
        0.0,
        0.4673135525580653,
        0.00953701127669521,
        5.053641186732495,
        1.0
    ],
    "ycsb/sample_ycsb_config18.xml": [
        0.4100466641201936,
        0.0,
        0.354020944741533,
        0.007224917239623122,
        3.8551557168321873,
        1.0
    ],
    "ycsb/sample_ycsb_config19.xml": [
        0.5567172037064487,
        0.0,
        0.4877219317849256,
        0.009953508811937257,
        5.282763031671285,
        1.0
    ],
    "ycsb/sample_ycsb_config20.xml": [
        0.3993417366946778,
        0.0,
        0.3616666666666667,
        0.00738095238095238,
        3.912703081232493,
        0.9999999999999999
    ],
    "ycsb/sample_ycsb_config21.xml": [
        0.3911626559714796,
        0.0,
        0.35979188948306595,
        0.007342691622103386,
        3.8674500891265597,
        1.0
    ],
    "ycsb/sample_ycsb_config22.xml": [
        0.6319841605570315,
        0.0,
        0.5458436560512945,
        0.011139666450026413,
        5.915754310950973,
        1.0
    ],
    "ycsb/sample_ycsb_config23.xml": [
        0.3927050547491724,
        0.0,
        0.3617384135472371,
        0.007382416603004839,
        3.908235421441304,
        1.0
    ],
    "ycsb/sample_ycsb_config24.xml": [
        0.44836422452291635,
        0.0,
        0.39608575438316435,
        0.00808338274251356,
        4.296991172859918,
        1.0
    ],
    "ycsb/sample_ycsb_config25.xml": [
        0.5641099335256492,
        0.0,
        0.4892348551360842,
        0.009984384798695596,
        5.30547184246833,
        1.0
    ],
    "ycsb/sample_ycsb_config26.xml": [
        0.5762873666427222,
        0.0,
        0.508866636070982,
        0.010385033389203713,
        5.50547946098385,
        1.0
    ],
    "ycsb/sample_ycsb_config27.xml": [
        0.6864774209548133,
        0.0,
        0.5985423218133931,
        0.012215149424763122,
        6.468130035460589,
        1.0
    ],
    "ycsb/sample_ycsb_config28.xml": [
        0.4071401975987139,
        0.0,
        0.3710981921941097,
        0.00757343249375734,
        4.019070482195592,
        1.0
    ],
    "ycsb/sample_ycsb_config29.xml": [
        0.3952919531448943,
        0.0,
        0.3614108734402852,
        0.007375732111026228,
        3.893810287751464,
        1.0
    ],
    "ycsb/sample_ycsb_config30.xml": [
        0.7192093134404374,
        0.0,
        0.6233397384734084,
        0.012721219152518538,
        6.7436663189020525,
        1.0
    ],
    "ycsb/sample_ycsb_config31.xml": [
        0.4097219678916343,
        0.0,
        0.3747197102721686,
        0.007647341025962624,
        4.053065533676157,
        1.0
    ],
    "ycsb/sample_ycsb_config32.xml": [
        0.4118058599287747,
        0.0,
        0.3624058318035491,
        0.007396037383745901,
        3.9376393091836466,
        1.0
    ],
    "ycsb/sample_ycsb_config33.xml": [
        0.5312593753919478,
        0.0,
        0.4637761194029851,
        0.009464818763326225,
        5.024849742882228,
        1.0
    ],
    "ycsb/sample_ycsb_config34.xml": [
        0.4412936729644368,
        0.0,
        0.4027567243993934,
        0.008219524987742722,
        4.355751604848181,
        1.0
    ],
    "ycsb/sample_ycsb_config35.xml": [
        0.4786487653406003,
        0.0,
        0.4195761300449624,
        0.008562778164182905,
        4.5514741076892085,
        1.0
    ],
    "ycsb/sample_ycsb_config36.xml": [
        0.41787343363396917,
        0.0,
        0.38004918588873815,
        0.007756105834464043,
        4.112794915795354,
        1.0
    ],
    "ycsb/sample_ycsb_config37.xml": [
        0.4517584613221136,
        0.0,
        0.4088642881847447,
        0.008344169146627443,
        4.402989479645318,
        1.0
    ],
    "ycsb/sample_ycsb_config38.xml": [
        0.6493768200631678,
        0.0,
        0.5618678865033123,
        0.011466691561292089,
        6.0867498888293445,
        1.0
    ],
    "ycsb/sample_ycsb_config39.xml": [
        0.6397836685556177,
        0.0,
        0.5619724572325538,
        0.01146882565780722,
        6.078771716284885,
        1.0
    ],
    "ycsb/sample_ycsb_config40.xml": [
        0.44708952373350963,
        0.0,
        0.39590170803735336,
        0.008079626694639864,
        4.289807190175935,
        1.0
    ],
    "ycsb/sample_ycsb_config41.xml": [
        0.590359156281237,
        0.0,
        0.5196456155053608,
        0.010605012561333895,
        5.609454976834695,
        1.0
    ],
    "ycsb/sample_ycsb_config42.xml": [
        0.7636154274464196,
        0.0,
        0.6607472397371431,
        0.013484637545655983,
        7.1474293277691,
        1.0
    ],