{
    "SuperWG/res/oltp_workloads/wikipedia0.wg": [
        300.0,
        0.22962962962962963,
        0.0,
        0.1259259259259259,
        0.0,
        1.048148148148148,
        0.376854599406528,
        0.16913946587537093,
        0.02967359050445104,
        0.0,
        0.0,
        0.0,
        0.0,
        0.03857566765578635,
        0.0,
        0.00296735905044510
    ],
    "SuperWG/res/oltp_workloads/wikipedia1.wg": [
        300.0,
        0.1618705035971223,
        0.0,
        0.1474820143884892,
        0.0,
        1.0683453237410072,
        0.32884097035040,
        0.150943396226415,
        0.07816711590296,
        0.0,
        0.0,
        0.0,
        0.0,
        0.06469002695417,
        0.008086253369272238,
        0.0
    ],
    "SuperWG/res/oltp_workloads/wikipedia2.wg": [
        300.0,
        0.21323529411764705,
        0.0,
        0.1213235294117647,
        0.0,
        0.9742647058823529,
        0.346478873239436,
        0.230985915492957,
        0.01690140845070422,
        0.005633802816901,
        0.0,
        0.00563380281690140,
        0.03661971830985915,
        0.0028169014084507,
        0.00845070422535,
        0.00563380281690140
    ],
    "SuperWG/res/oltp_workloads/wikipedia3.wg": [
        300.0,
        0.2246376811594203,
        0.0,
        0.16304347826086957,
        0.0,
        1.2826086956521738,
        0.305483028720626,
        0.1436031331592,
        0.067885117493472,
        0.002610966057441253,
        0.0,
        0.0,
        0.052219321148,
        0.00261096605744,
        0.0,
        0.0
    ],
    "SuperWG/res/oltp_workloads/wikipedia4.wg": [
        300.0,
        0.2737226277372263,
        0.0,
        0.20072992700729927,
        0.0,
        1.594890510948905,
        0.30617283950617286,
        0.145679012345679,
        0.037037037037037035,
        0.00246913580246913,
        0.02716049382716049,
        0.002469135802469135,
        0.0,
        0.0,
        0.0,
        0.0
    ]
}