{
    "SuperWG/res/oltp_workloads/ycsb0.wg": [
        81.0,
        0.8507462686567164,
        0.0,
        0.7313432835820896,
        0.014925373134328358,
        7.91044776119403,
        1.0
    ],
    "SuperWG/res/oltp_workloads/ycsb1.wg": [
        150.0,
        0.3897058823529412,
        0.0,
        0.3602941176470588,
        0.007352941176470588,
        3.8676470588235294,
        1.0
    ],
    "SuperWG/res/oltp_workloads/ycsb2.wg": [
        150.0,
        0.41911764705882354,
        0.0,
        0.3602941176470588,
        0.007352941176470588,
        3.926470588235294,
        1.0
    ],
    "SuperWG/res/oltp_workloads/ycsb3.wg": [
        150.0,
        0.3897058823529412,
        0.0,
        0.3602941176470588,
        0.007352941176470588,
        3.8970588235294117,
        1.0
    ],
    "SuperWG/res/oltp_workloads/ycsb4.wg": [
        150.0,
        0.4015151515151515,
        0.0,
        0.3712121212121212,
        0.007575757575757576,
        4.015151515151516,
        1.0
    ],
    "SuperWG/res/oltp_workloads/ycsb5.wg": [
        154.0,
        0.40714285714285714,
        0.0,
        0.35,
        0.007142857142857143,
        3.8142857142857145,
        1.0
    ]
}